<?xml version="1.0"?>
<!--<!DOCTYPE metadata SYSTEM "http://www.esri.com/metadata/esriprof80.dtd">-->
<metadata xml:lang="pt"><Esri><CreaDate>20130319</CreaDate><CreaTime>13001700</CreaTime><SyncOnce>TRUE</SyncOnce><MetaID>{B080C573-3B1C-44DC-82A8-AD1EB5EAD2CE}</MetaID><DataProperties><lineage><Process ToolSource="C:\Arquivos de programas\ArcGIS\ArcToolbox\Toolboxes\Data Management Tools.tbx\DefineProjection" Date="20130410" Time="172606">DefineProjection "1900\malha municipal 1900" PROJCS['World_Polyconic',GEOGCS['GCS_SIRGAS_2000',DATUM['D_SIRGAS_2000',SPHEROID['GRS_1980',6378137.0,298.257222101]],PRIMEM['Greenwich',0.0],UNIT['Degree',0.0174532925199433]],PROJECTION['Polyconic'],PARAMETER['False_Easting',0.0],PARAMETER['False_Northing',0.0],PARAMETER['Central_Meridian',-54.0],PARAMETER['Latitude_Of_Origin',0.0],UNIT['Meter',1.0]] "1900\malha municipal 1900"</Process></lineage></DataProperties></Esri><idinfo><citation><citeinfo><onlink Sync="TRUE">\\warqprd01f\Acervo CGEO\PROJETOS_EM_ANDAMENTO\Projeto_Atlas_malha_historica_2010\MALHA REVISADA FORMATO SHP\malha municipal 1900</onlink></citeinfo></citation></idinfo><distInfo><distributor><distorTran><onLineSrc><linkage Sync="TRUE">file://\\warqprd01f\Acervo CGEO\PROJETOS_EM_ANDAMENTO\Projeto_Atlas_malha_historica_2010\MALHA REVISADA FORMATO SHP\malha municipal 1900</linkage><protocol Sync="TRUE">Local Area Network</protocol></onLineSrc></distorTran></distributor></distInfo><dataqual><lineage><procstep><procdesc Sync="TRUE">Dataset copied.</procdesc><srcused Sync="TRUE">C:\Users\ronaldo.carvalho\Documents\Projeto Malha Histórica_Revisão\BKP_Malha com alterações DEF\malha municipal 1900</srcused><procdate Sync="TRUE">20130319</procdate><proctime Sync="TRUE">13001700</proctime></procstep></lineage></dataqual></metadata>
