<?xml version="1.0"?>
<!--<!DOCTYPE metadata SYSTEM "http://www.esri.com/metadata/esriprof80.dtd">-->
<metadata xml:lang="pt"><Esri><CreaDate>20130812</CreaDate><CreaTime>16302500</CreaTime><SyncOnce>TRUE</SyncOnce><DataProperties><lineage><Process ToolSource="C:\Arquivos de programas\ArcGIS\ArcToolbox\Toolboxes\Data Management Tools.tbx\DefineProjection" Date="20130410" Time="172648">DefineProjection "1872\malha municipal 1872" PROJCS['World_Polyconic',GEOGCS['GCS_SIRGAS_2000',DATUM['D_SIRGAS_2000',SPHEROID['GRS_1980',6378137.0,298.257222101]],PRIMEM['Greenwich',0.0],UNIT['Degree',0.0174532925199433]],PROJECTION['Polyconic'],PARAMETER['False_Easting',0.0],PARAMETER['False_Northing',0.0],PARAMETER['Central_Meridian',-54.0],PARAMETER['Latitude_Of_Origin',0.0],UNIT['Meter',1.0]] "1872\malha municipal 1872"</Process><Process ToolSource="C:\Program Files\ArcGIS\ArcToolbox\Toolboxes\Data Management Tools.tbx\RepairGeometry" Date="20130705" Time="111606">RepairGeometry "malha municipal 1872" KEEP_NULL "malha municipal 1872"</Process></lineage></DataProperties><MetaID>{F8B256B0-84D9-47A6-A965-520511763EF7}</MetaID></Esri><idinfo><citation><citeinfo><onlink Sync="TRUE"></onlink></citeinfo></citation></idinfo><distInfo><distributor><distorTran><onLineSrc><linkage Sync="TRUE">file://</linkage><protocol Sync="TRUE">Local Area Network</protocol></onLineSrc></distorTran></distributor></distInfo><dataqual><lineage><procstep><procdesc Sync="TRUE">Dataset copied.</procdesc><srcused Sync="TRUE">C:\Users\ronaldo.carvalho\Documents\Projeto Malha Histórica_Revisão\BKP_Malha com alterações DEF\malha municipal 1872</srcused><procdate Sync="TRUE">20130319</procdate><proctime Sync="TRUE">13001700</proctime></procstep><procstep><procdesc Sync="TRUE">Dataset copied.</procdesc><srcused Sync="TRUE"></srcused><procdate Sync="TRUE">20130812</procdate><proctime Sync="TRUE">16274600</proctime></procstep><procstep><procdesc Sync="TRUE">Dataset copied.</procdesc><srcused Sync="TRUE"></srcused><procdate Sync="TRUE">20130812</procdate><proctime Sync="TRUE">16302500</proctime></procstep></lineage></dataqual></metadata>
